Название категории,Ссылка на категорию
ТЕХНИКА APPLE,https://kdmarket.ru/catalog/apple/
МОБИЛЬНЫЕ ТЕЛЕФОНЫ,https://kdmarket.ru/catalog/phones/
ПЛАНШЕТЫ,https://kdmarket.ru/catalog/tablets/
ИГРОВЫЕ ПРИСТАВКИ,https://kdmarket.ru/catalog/playstations/
ГАДЖЕТЫ,https://kdmarket.ru/catalog/gadgets/
ТЕХНИКА XIAOMI,https://kdmarket.ru/catalog/xiaomi/
ТЕХНИКА DYSON,https://kdmarket.ru/catalog/dyson/
АУДИО,https://kdmarket.ru/catalog/sound/
ДЛЯ ДОМА,https://kdmarket.ru/catalog/gadgets_home/
КРАСОТА И ЗДОРОВЬЕ,https://kdmarket.ru/catalog/gadgets_beauty/
ДЛЯ КУХНИ,https://kdmarket.ru/catalog/gadgets_kitchen/
